school_id,ipeds_id,school_name,city,state,public_private,division,conference,roster_url,roster_vendor,is_sidearm,import_enabled,notes
S1,222178,Abilene Christian University,Abilene,TX,Private,NCAA D1,Western Athletic Conference,https://acusports.com/sports/baseball/roster,sidearm,True,True,vendor_verified_html: sidearm footer link
S2,100654,Alabama A&M University,Normal,AL,Public,NCAA D1,Southwestern Athletic Conference,https://aamusports.com/sports/baseball/roster,sidearm,True,True,vendor_verified_html: sidearm footer link
S3,100724,Alabama State University,Montgomery,AL,Public,NCAA D1,Southwestern Athletic Conference,https://bamastatesports.com/sports/baseball/roster,sidearm,True,True,vendor_verified_html: sidearm footer link
S4,175342,Alcorn State University,Alcorn State,MS,Public,NCAA D1,Southwestern Athletic Conference,https://alcornsports.com/sports/baseball/roster,sidearm,True,True,vendor_verified_html: sidearm link
S5,197869,Appalachian State University,Boone,NC,Public,NCAA D1,Sun Belt Conference,https://appstatesports.com/sports/baseball/roster,sidearm,True,True,vendor_verified_html: sidearm footer link
S6,104151,Arizona State University,Tempe,AZ,Public,NCAA D1,Big 12 Conference,https://thesundevils.com/sports/baseball/roster,unknown,False,True,vendor_verified_html: no known vendor marker
S7,106458,Arkansas State University,Jonesboro,AR,Public,NCAA D1,Sun Belt Conference,https://astateredwolves.com/sports/baseball/roster,sidearm,True,True,vendor_verified_html: sidearm footer link
S8,100858,Auburn University,Auburn,AL,Public,NCAA D1,Southeastern Conference,https://auburntigers.com/sports/baseball/roster,unknown,False,True,vendor_verified_html: no known vendor marker
S9,219602,Austin Peay State University,Clarksville,TN,Public,NCAA D1,Atlantic Sun Conference,https://letsgopeay.com/sports/baseball/roster,sidearm,True,True,vendor_verified_html: sidearm footer link
S10,150136,Ball State University,Muncie,IN,Public,NCAA D1,Mid-American Conference,https://ballstatesports.com/sports/baseball/roster,sidearm,True,True,vendor_verified_html: sidearm footer link
S11,223232,Baylor University,Waco,TX,Private,NCAA D1,Big 12 Conference,https://baylorbears.com/sports/baseball/roster,sidearm,True,True,vendor_verified_html: sidearm footer link
S12,156286,Bellarmine University,Louisville,KY,Private,NCAA D1,Atlantic Sun Conference,https://athletics.bellarmine.edu/sports/baseball/roster,sidearm,True,True,vendor_verified_html: sidearm link
S13,219709,Belmont University,Nashville,TN,Private,NCAA D1,Missouri Valley Conference,https://belmontbruins.com/sports/baseball/roster,sidearm,True,True,vendor_verified_html: sidearm footer link
S14,132602,Bethune-Cookman University,Daytona Beach,FL,Private,NCAA D1,Southwestern Athletic Conference,https://bcuathletics.com/sports/baseball/roster,sidearm,True,True,vendor_verified_html: sidearm footer link
S15,164924,Boston College,Chestnut Hill,MA,Private,NCAA D1,Atlantic Coast Conference,https://bceagles.com/sports/baseball/roster,sidearm,True,True,vendor_verified_html: sidearm footer link
S16,201441,Bowling Green State University,Bowling Green,OH,Public,NCAA D1,Mid-American Conference,https://bgsufalcons.com/sports/baseball/roster,sidearm,True,True,vendor_verified_html: sidearm footer link
S17,143358,Bradley University,Peoria,IL,Private,NCAA D1,Missouri Valley Conference,https://bradleybraves.com/sports/baseball/roster,sidearm,True,True,vendor_verified_html: sidearm footer link
S18,230038,Brigham Young University,Provo,UT,Private,NCAA D1,Big 12 Conference,https://byucougars.com/sports/baseball/roster,unknown,False,True,vendor_verified_html: no known vendor marker
S19,217156,Brown University,Providence,RI,Private,NCAA D1,Ivy League,https://brownbears.com/sports/baseball/roster,sidearm,True,True,vendor_verified_html: sidearm footer link
S20,217165,Bryant University,Smithfield,RI,Private,NCAA D1,America East Conference,https://bryantbulldogs.com/sports/baseball/roster,sidearm,True,True,vendor_verified_html: sidearm footer link
S21,211291,Bucknell University,Lewisburg,PA,Private,NCAA D1,Patriot League,https://bucknellbison.com/sports/baseball/roster,sidearm,True,True,vendor_verified_html: sidearm footer link
S22,150163,Butler University,Indianapolis,IN,Private,NCAA D1,Big East Conference,https://butlersports.com/sports/baseball/roster,sidearm,True,True,vendor_verified_html: sidearm footer link
S23,110361,California Baptist University,Riverside,CA,Private,NCAA D1,Western Athletic Conference,https://cbulancers.com/sports/baseball/roster,sidearm,True,True,vendor_verified_html: sidearm footer link
S24,110422,California Polytechnic State University – San Luis Obispo,San Luis Obispo,CA,Public,NCAA D1,Big West Conference,https://gopoly.com/sports/baseball/roster,sidearm,True,True,vendor_verified_html: sidearm footer link
S25,110486,California State University – Bakersfield,Bakersfield,CA,Public,NCAA D1,Big West Conference,https://gorunners.com/sports/baseball/roster,sidearm,True,True,vendor_verified_html: sidearm footer link
S26,110556,California State University – Fresno,Fresno,CA,Public,NCAA D1,Mountain West Conference,https://gobulldogs.com/sports/baseball/roster,unknown,False,True,vendor_verified_html: no known vendor marker
S27,110565,California State University – Fullerton,Fullerton,CA,Public,NCAA D1,Big West Conference,https://fullertontitans.com/sports/baseball/roster,sidearm,True,True,vendor_verified_html: sidearm footer link
S28,110583,California State University – Long Beach,Long Beach,CA,Public,NCAA D1,Big West Conference,https://longbeachstate.com/sports/baseball/roster,sidearm,True,True,vendor_verified_html: sidearm footer link
S29,110608,California State University – Northridge,Northridge,CA,Public,NCAA D1,Big West Conference,https://gomatadors.com/sports/baseball/roster,unknown,False,True,vendor_verified_html: no known vendor marker
S30,110617,California State University – Sacramento,Sacramento,CA,Public,NCAA D1,Western Athletic Conference,https://hornetsports.com/sports/baseball/roster,sidearm,True,True,vendor_verified_html: sidearm footer link
S31,198136,Campbell University,Buies Creek,NC,Private,NCAA D1,Colonial Athletic Association,https://gocamels.com/sports/baseball/roster,sidearm,True,True,vendor_verified_html: sidearm footer link
S32,189705,Canisius University,Buffalo,NY,Private,NCAA D1,Metro Atlantic Athletic Conference,https://gogriffs.com/sports/baseball/roster,sidearm,True,True,vendor_verified_html: sidearm footer link
S33,128771,Central Connecticut State University,New Britain,CT,Public,NCAA D1,Northeast Conference,https://ccsubluedevils.com/sports/bsb/2025-26/roster,presto,False,True,vendor_verified_html: presto link
S34,169248,Central Michigan University,Mount Pleasant,MI,Public,NCAA D1,Mid-American Conference,https://cmuchippewas.com/sports/baseball/roster,sidearm,True,True,vendor_verified_html: sidearm footer link
S35,217688,Charleston Southern University,Charleston,SC,Private,NCAA D1,Big South Conference,https://www.csusports.com/sports/baseball/roster,sidearm,True,True,vendor_verified_html: sidearm footer link
S36,217882,Clemson University,Clemson,SC,Public,NCAA D1,Atlantic Coast Conference,https://clemsontigers.com/sports/baseball/roster,unknown,False,True,vendor_verified_html: no known vendor marker
S37,218724,Coastal Carolina University,Conway,SC,Public,NCAA D1,Sun Belt Conference,https://goccusports.com/sports/baseball/roster,sidearm,True,True,vendor_verified_html: sidearm footer link
S38,217819,College of Charleston,Charleston,SC,Public,NCAA D1,Colonial Athletic Association,https://cofcsports.com/sports/baseball/roster,sidearm,True,True,vendor_verified_html: sidearm footer link
S39,166124,College of the Holy Cross,Worcester,MA,Private,NCAA D1,Patriot League,https://goholycross.com/sports/baseball/roster,sidearm,True,True,vendor_verified_html: sidearm footer link
S40,190512,Columbia University,New York,NY,Private,NCAA D1,Ivy League,https://gocolumbialions.com/sports/baseball/roster,sidearm,True,True,vendor_verified_html: sidearm footer link
S41,162283,Coppin State University,Baltimore,MD,Public,NCAA D1,Northeast Conference,https://coppinstatesports.com/sports/baseball/roster,sidearm,True,True,vendor_verified_html: sidearm footer link
S42,190415,Cornell University,Ithaca,NY,Private,NCAA D1,Ivy League,https://cornellbigred.com/sports/baseball/roster,sidearm,True,True,vendor_verified_html: sidearm footer link
S43,181002,Creighton University,Omaha,NE,Private,NCAA D1,Big East Conference,https://gocreighton.com/sports/baseball/roster,sidearm,True,True,vendor_verified_html: sidearm footer link
S44,182670,Dartmouth College,Hanover,NH,Private,NCAA D1,Ivy League,https://dartmouthsports.com/sports/baseball/roster,sidearm,True,True,vendor_verified_html: sidearm footer link
S45,198385,Davidson College,Davidson,NC,Private,NCAA D1,Atlantic 10 Conference,https://davidsonwildcats.com/sports/baseball/roster,sidearm,True,True,vendor_verified_html: sidearm footer link
S46,130934,Delaware State University,Dover,DE,Public,NCAA D1,Northeast Conference,https://dsuhornets.com/sports/baseball/roster,sidearm,True,True,vendor_verified_html: sidearm footer link
S47,198419,Duke University,Durham,NC,Private,NCAA D1,Atlantic Coast Conference,https://goduke.com/sports/baseball/roster,sidearm,True,True,vendor_verified_html: sidearm footer link
S48,198464,East Carolina University,Greenville,NC,Public,NCAA D1,American Athletic Conference,https://ecupirates.com/sports/baseball/roster,sidearm,True,True,vendor_verified_html: sidearm footer link
S49,220075,East Tennessee State University,Johnson City,TN,Public,NCAA D1,Southern Conference,https://etsubucs.com/sports/baseball/roster,sidearm,True,True,vendor_verified_html: sidearm link
S50,144892,Eastern Illinois University,Charleston,IL,Public,NCAA D1,Ohio Valley Conference,https://eiupanthers.com/sports/baseball/roster,sidearm,True,True,vendor_verified_html: sidearm link
S51,156620,Eastern Kentucky University,Richmond,KY,Public,NCAA D1,Atlantic Sun Conference,https://ekusports.com/sports/baseball/roster,sidearm,True,True,vendor_verified_html: sidearm footer link
S52,169798,Eastern Michigan University,Ypsilanti,MI,Public,NCAA D1,Mid-American Conference,https://emueagles.com/sports/baseball/roster,sidearm,True,True,vendor_verified_html: sidearm footer link
S53,198516,Elon University,Elon,NC,Private,NCAA D1,Colonial Athletic Association,https://elonphoenix.com/sports/baseball/roster,sidearm,True,True,vendor_verified_html: sidearm footer link
S54,129242,Fairfield University,Fairfield,CT,Private,NCAA D1,Metro Atlantic Athletic Conference,https://fairfieldstags.com/sports/baseball/roster,sidearm,True,True,vendor_verified_html: sidearm footer link
S55,184603,Fairleigh Dickinson University,Teaneck,NJ,Private,NCAA D1,Northeast Conference,https://fduknights.com/sports/baseball/roster,sidearm,True,True,vendor_verified_html: sidearm footer link
S56,133650,Florida A&M University,Tallahassee,FL,Public,NCAA D1,Southwestern Athletic Conference,https://famuathletics.com/sports/baseball/roster,sidearm,True,True,vendor_verified_html: sidearm footer link
S57,133669,Florida Atlantic University,Boca Raton,FL,Public,NCAA D1,American Athletic Conference,https://fausports.com/sports/baseball/roster,sidearm,True,True,vendor_verified_html: sidearm footer link
S58,433660,Florida Gulf Coast University,Fort Myers,FL,Public,NCAA D1,Atlantic Sun Conference,https://fgcuathletics.com/sports/baseball/roster,sidearm,True,True,vendor_verified_html: sidearm footer link
S59,133951,Florida International University,Miami,FL,Public,NCAA D1,Conference USA,https://fiusports.com/sports/baseball/roster,sidearm,True,True,vendor_verified_html: sidearm footer link
S60,134097,Florida State University,Tallahassee,FL,Public,NCAA D1,Atlantic Coast Conference,https://seminoles.com/sports/baseball/roster,sidearm,True,True,vendor_verified_html: sidearm footer link
S61,191241,Fordham University,Bronx,NY,Private,NCAA D1,Atlantic 10 Conference,https://fordhamsports.com/sports/baseball/roster,sidearm,True,True,vendor_verified_html: sidearm footer link
S62,230171,Utah Tech University,Saint George,UT,Public,NCAA D1,Western Athletic Conference,https://utahtechtrailblazers.com/sports/baseball/roster,sidearm,True,True,vendor_verified_html: sidearm footer link
S63,198561,Gardner-Webb University,Boiling Springs,NC,Private,NCAA D1,Big South Conference,https://gwusports.com/sports/baseball/roster,sidearm,True,True,vendor_verified_html: sidearm footer link
S64,232186,George Mason University,Fairfax,VA,Public,NCAA D1,Atlantic 10 Conference,https://gomason.com/sports/baseball/roster,sidearm,True,True,vendor_verified_html: sidearm footer link
S65,131469,George Washington University,Washington,DC,Private,NCAA D1,Atlantic 10 Conference,https://gwsports.com/sports/baseball/roster,sidearm,True,True,vendor_verified_html: sidearm footer link
S66,131496,Georgetown University,Washington,DC,Private,NCAA D1,Big East Conference,https://guhoyas.com/sports/baseball/roster,sidearm,True,True,vendor_verified_html: sidearm footer link
S67,139931,Georgia Southern University,Statesboro,GA,Public,NCAA D1,Sun Belt Conference,https://gseagles.com/sports/baseball/roster,sidearm,True,True,vendor_verified_html: sidearm footer link
S68,139940,Georgia State University,Atlanta,GA,Public,NCAA D1,Sun Belt Conference,https://georgiastatesports.com/sports/baseball/roster,sidearm,True,True,vendor_verified_html: sidearm footer link
S69,139755,Georgia Tech,Atlanta,GA,Public,NCAA D1,Atlantic Coast Conference,https://ramblinwreck.com/sports/m-basebl/roster/,unknown,False,True,vendor_verified_html: no known vendor marker
S70,235316,Gonzaga University,Spokane,WA,Private,NCAA D1,West Coast Conference,https://gozags.com/sports/baseball/roster,sidearm,True,True,vendor_verified_html: sidearm footer link
S71,159009,Grambling State University,Grambling,LA,Public,NCAA D1,Southwestern Athletic Conference,https://gsutigers.com/sports/baseball/roster,sidearm,True,True,vendor_verified_html: sidearm footer link
S72,104717,Grand Canyon University,Phoenix,AZ,Private,NCAA D1,Western Athletic Conference,https://gculopes.com/sports/baseball/roster,sidearm,True,True,vendor_verified_html: sidearm footer link
S73,166027,Harvard University,Cambridge,MA,Private,NCAA D1,Ivy League,https://gocrimson.com/sports/baseball/roster,sidearm,True,True,vendor_verified_html: sidearm footer link
S74,198695,High Point University,High Point,NC,Private,NCAA D1,Big South Conference,https://highpointpanthers.com/sports/baseball/roster,sidearm,True,True,vendor_verified_html: sidearm footer link
S75,191649,Hofstra University,Hempstead,NY,Private,NCAA D1,Colonial Athletic Association,https://gohofstra.com/sports/baseball/roster,sidearm,True,True,vendor_verified_html: sidearm footer link
S76,225399,Houston Christian University,Houston,TX,Private,NCAA D1,Southland Conference,https://hcuhuskies.com/sports/baseball/roster,sidearm,True,True,vendor_verified_html: sidearm footer link
S77,145813,Illinois State University,Normal,IL,Public,NCAA D1,Missouri Valley Conference,https://goredbirds.com/sports/baseball/roster,sidearm,True,True,vendor_verified_html: sidearm footer link
S78,151324,Indiana State University,Terre Haute,IN,Public,NCAA D1,Missouri Valley Conference,https://gosycamores.com/sports/baseball/roster,sidearm,True,True,vendor_verified_html: sidearm link
S79,151351,Indiana University,Bloomington,IN,Public,NCAA D1,Big Ten Conference,https://iuhoosiers.com/sports/baseball/roster,sidearm,True,True,vendor_verified_html: sidearm footer link
S80,151731,Indiana University - Indianapolis,Indianapolis,IN,Public,NCAA D1,Horizon League,https://iuhoosiers.com/sports/baseball/roster,sidearm,True,True,vendor_verified_html: sidearm footer link
S81,191931,Iona University,New Rochelle,NY,Private,NCAA D1,Metro Atlantic Athletic Conference,https://ionagaels.com/sports/baseball/roster,sidearm,True,True,vendor_verified_html: sidearm footer link
S82,175856,Jackson State University,Jackson,MS,Public,NCAA D1,Southwestern Athletic Conference,https://gojsutigers.com/sports/baseball/roster,sidearm,True,True,vendor_verified_html: sidearm footer link
S83,101480,Jacksonville State University,Jacksonville,AL,Public,NCAA D1,Conference USA,https://jsugamecocksports.com/sports/baseball/roster,sidearm,True,True,vendor_verified_html: sidearm footer link
S84,134945,Jacksonville University,Jacksonville,FL,Private,NCAA D1,Atlantic Sun Conference,https://judolphins.com/sports/baseball/roster,sidearm,True,True,vendor_verified_html: sidearm footer link
S85,232423,James Madison University,Harrisonburg,VA,Public,NCAA D1,Sun Belt Conference,https://jmusports.com/sports/baseball/roster,sidearm,True,True,vendor_verified_html: sidearm footer link
S86,155399,Kansas State University,Manhattan,KS,Public,NCAA D1,Big 12 Conference,https://kstatesports.com/sports/baseball/roster,sidearm,True,True,vendor_verified_html: sidearm footer link
S87,486840,Kennesaw State University,Kennesaw,GA,Public,NCAA D1,Conference USA,https://ksuowls.com/sports/baseball/roster,sidearm,True,True,vendor_verified_html: sidearm footer link
S88,203517,Kent State University,Kent,OH,Public,NCAA D1,Mid-American Conference,https://kentstatesports.com/sports/baseball/roster,sidearm,True,True,vendor_verified_html: sidearm footer link
S89,213385,Lafayette College,Easton,PA,Private,NCAA D1,Patriot League,https://goleopards.com/sports/baseball/roster,sidearm,True,True,vendor_verified_html: sidearm footer link
S90,226091,Lamar University,Beaumont,TX,Public,NCAA D1,Southland Conference,https://lamarcardinals.com/sports/baseball/roster,sidearm,True,True,vendor_verified_html: sidearm footer link
S91,192323,Le Moyne College,Syracuse,NY,Private,NCAA D1,Northeast Conference,https://lemoynedolphins.com/sports/baseball/roster,sidearm,True,True,vendor_verified_html: sidearm footer link
S92,213543,Lehigh University,Bethlehem,PA,Private,NCAA D1,Patriot League,https://lehighsports.com/sports/baseball/roster,sidearm,True,True,vendor_verified_html: sidearm footer link
S93,232557,Liberty University,Lynchburg,VA,Private,NCAA D1,Conference USA,https://libertyflames.com/sports/baseball/roster,sidearm,True,True,vendor_verified_html: sidearm footer link
S94,177968,Lindenwood University,Saint Charles,MO,Private,NCAA D1,Ohio Valley Conference,https://lindenwoodlions.com/sports/baseball/roster,sidearm,True,True,vendor_verified_html: sidearm footer link
S95,219976,Lipscomb University,Nashville,TN,Private,NCAA D1,Atlantic Sun Conference,https://lipscombsports.com/sports/baseball/roster,sidearm,True,True,vendor_verified_html: sidearm footer link
S96,192448,Long Island University,Long Island,NY,Private,NCAA D1,Northeast Conference,https://liuathletics.com/sports/baseball/roster,sidearm,True,True,vendor_verified_html: sidearm footer link
S97,232566,Longwood University,Farmville,VA,Public,NCAA D1,Big South Conference,https://longwoodlancers.com/sports/baseball/roster,sidearm,True,True,vendor_verified_html: sidearm footer link
S98,159391,Louisiana State University (LSU),Baton Rouge,LA,Public,NCAA D1,Southeastern Conference,https://lsusports.net/sports/baseball/roster,unknown,False,True,vendor_verified_html: no known vendor marker
S99,159647,Louisiana Tech University,Ruston,LA,Public,NCAA D1,Conference USA,https://latechsports.com/sports/baseball/roster,sidearm,True,True,vendor_verified_html: sidearm footer link
S100,117946,Loyola Marymount University,Los Angeles,CA,Private,NCAA D1,West Coast Conference,https://lmulions.com/sports/baseball/roster,sidearm,True,True,vendor_verified_html: sidearm footer link
S101,192703,Manhattan University,Riverdale,NY,Private,NCAA D1,Metro Atlantic Athletic Conference,https://gojaspers.com/sports/baseball/roster,sidearm,True,True,vendor_verified_html: sidearm footer link
S102,192749,Marist College,Poughkeepsie,NY,Private,NCAA D1,Metro Atlantic Athletic Conference,https://goredfoxes.com/sports/baseball/roster,sidearm,True,True,vendor_verified_html: sidearm footer link
S103,237525,Marshall University,Huntington,WV,Public,NCAA D1,Sun Belt Conference,https://herdzone.com/sports/baseball/roster,sidearm,True,True,vendor_verified_html: sidearm footer link
S104,159717,McNeese State University,Lake Charles,LA,Public,NCAA D1,Southland Conference,https://mcneesesports.com/sports/baseball/roster,sidearm,True,True,vendor_verified_html: sidearm link
S105,140447,Mercer University,Macon,GA,Private,NCAA D1,Southern Conference,https://mercerbears.com/sports/baseball/roster,sidearm,True,True,vendor_verified_html: sidearm footer link
S106,213987,Mercyhurst University,Erie,PA,Private,NCAA D1,Northeast Conference,https://hurstathletics.com/sports/baseball/roster,sidearm,True,True,vendor_verified_html: sidearm footer link
S107,166850,Merrimack College,North Andover,MA,Private,NCAA D1,Metro Atlantic Athletic Conference,https://merrimackathletics.com/sports/baseball/roster,sidearm,True,True,vendor_verified_html: sidearm footer link
S108,204024,Miami University,Oxford,OH,Public,NCAA D1,Mid-American Conference,https://miamiredhawks.com/sports/baseball/roster,sidearm,True,True,vendor_verified_html: sidearm footer link
S109,171100,Michigan State University,East Lansing,MI,Public,NCAA D1,Big Ten Conference,https://msuspartans.com/sports/baseball/roster,sidearm,True,True,vendor_verified_html: sidearm footer link
S110,220978,Middle Tennessee State University,Murfreesboro,TN,Public,NCAA D1,Conference USA,https://goblueraiders.com/sports/baseball/roster,sidearm,True,True,vendor_verified_html: sidearm footer link
S111,176080,Mississippi State University,Mississippi State,MS,Public,NCAA D1,Southeastern Conference,https://hailstate.com/sports/baseball/roster,sidearm,True,True,vendor_verified_html: sidearm footer link
S112,176044,Mississippi Valley State University,Itta Bena,MS,Public,NCAA D1,Southwestern Athletic Conference,https://mvsusports.com/sports/baseball/roster,sidearm,True,True,vendor_verified_html: sidearm footer link
S113,179566,Missouri State University,Springfield,MO,Public,NCAA D1,Missouri Valley Conference,https://missouristatebears.com/sports/baseball/roster,sidearm,True,True,vendor_verified_html: sidearm footer link
S114,185572,Monmouth University,West Long Branch,NJ,Private,NCAA D1,Colonial Athletic Association,https://monmouthhawks.com/sports/baseball/roster,sidearm,True,True,vendor_verified_html: sidearm footer link
S115,157386,Morehead State University,Morehead,KY,Public,NCAA D1,Ohio Valley Conference,https://msueagles.com/sports/baseball/roster,sidearm,True,True,vendor_verified_html: sidearm footer link
S116,163462,Mount St. Mary's University,Emmitsburg,MD,Private,NCAA D1,Metro Atlantic Athletic Conference,https://mountathletics.com/sports/baseball/roster,sidearm,True,True,vendor_verified_html: sidearm footer link
S117,157401,Murray State University,Murray,KY,Public,NCAA D1,Missouri Valley Conference,https://goracers.com/sports/baseball/roster,sidearm,True,True,vendor_verified_html: sidearm footer link
S118,185828,New Jersey Institute of Technology,Newark,NJ,Public,NCAA D1,America East Conference,https://njithighlanders.com/sports/baseball/roster,sidearm,True,True,vendor_verified_html: sidearm footer link
S119,187985,New Mexico State University,Las Cruces,NM,Public,NCAA D1,Conference USA,https://nmstatesports.com/sports/baseball/roster,sidearm,True,True,vendor_verified_html: sidearm footer link
S120,193973,Niagara University,Niagara University,NY,Private,NCAA D1,Metro Atlantic Athletic Conference,https://purpleeagles.com/sports/baseball/roster,sidearm,True,True,vendor_verified_html: sidearm footer link
S121,159966,Nicholls State University,Thibodaux,LA,Public,NCAA D1,Southland Conference,https://geauxcolonels.com/sports/baseball/roster,sidearm,True,True,vendor_verified_html: sidearm footer link
S122,232937,Norfolk State University,Norfolk,VA,Public,NCAA D1,Northeast Conference,https://nsuspartans.com/sports/baseball/roster,sidearm,True,True,vendor_verified_html: sidearm footer link
S123,199102,North Carolina A&T State University,Greensboro,NC,Public,NCAA D1,Colonial Athletic Association,https://ncataggies.com/sports/baseball/roster,sidearm,True,True,vendor_verified_html: sidearm footer link
S124,199193,North Carolina State University,Raleigh,NC,Public,NCAA D1,Atlantic Coast Conference,https://gopack.com/sports/baseball/roster,sidearm,True,True,vendor_verified_html: sidearm footer link
S125,200217,North Dakota State University,Fargo,ND,Public,NCAA D1,The Summit League,https://gobison.com/sports/baseball/roster,sidearm,True,True,vendor_verified_html: sidearm footer link
S126,167358,Northeastern University,Boston,MA,Private,NCAA D1,Colonial Athletic Association,https://gonu.com/sports/baseball/roster,sidearm,True,True,vendor_verified_html: sidearm footer link
S127,147703,Northern Illinois University,Dekalb,IL,Public,NCAA D1,Mid-American Conference,https://niuhuskies.com/sports/baseball/roster,sidearm,True,True,vendor_verified_html: sidearm footer link
S128,157447,Northern Kentucky University,Highland Heights,KY,Public,NCAA D1,Horizon League,https://nkunorse.com/sports/baseball/roster,sidearm,True,True,vendor_verified_html: sidearm footer link
S129,160038,Northwestern State University of Louisiana,Natchitoches,LA,Public,NCAA D1,Southland Conference,https://nsudemons.com/sports/baseball/roster,sidearm,True,True,vendor_verified_html: sidearm link
S130,147767,Northwestern University,Evanston,IL,Private,NCAA D1,Big Ten Conference,https://nusports.com/sports/baseball/roster,sidearm,True,True,vendor_verified_html: sidearm footer link
S131,171571,Oakland University,Rochester Hills,MI,Public,NCAA D1,Horizon League,https://goldengrizzlies.com/sports/baseball/roster,sidearm,True,True,vendor_verified_html: sidearm footer link
S132,204796,Ohio State University,Columbus,OH,Public,NCAA D1,Big Ten Conference,https://ohiostatebuckeyes.com/sports/baseball/roster,sidearm,True,True,vendor_verified_html: sidearm footer link
S133,204857,Ohio University,Athens,OH,Public,NCAA D1,Mid-American Conference,https://ohiobobcats.com/sports/baseball/roster,sidearm,True,True,vendor_verified_html: sidearm footer link
S134,207388,Oklahoma State University,Stillwater,OK,Public,NCAA D1,Big 12 Conference,https://okstate.com/sports/baseball/roster,sidearm,True,True,vendor_verified_html: sidearm footer link
S135,232982,Old Dominion University,Norfolk,VA,Public,NCAA D1,Sun Belt Conference,https://odusports.com/sports/baseball/roster,unknown,False,True,vendor_verified_html: no known vendor marker
S136,207582,Oral Roberts University,Tulsa,OK,Private,NCAA D1,The Summit League,https://oruathletics.com/sports/baseball/roster,sidearm,True,True,vendor_verified_html: sidearm footer link
S137,209542,Oregon State University,Corvallis,OR,Public,NCAA D1,Independent,https://osubeavers.com/sports/baseball/roster,sidearm,True,True,vendor_verified_html: sidearm footer link
S138,214777,Penn State,University Park,PA,Public,NCAA D1,Big Ten Conference,https://gopsusports.com/sports/baseball/roster,unknown,False,True,vendor_verified_html: no known vendor marker
S139,121150,Pepperdine University,Malibu,CA,Private,NCAA D1,West Coast Conference,https://pepperdinewaves.com/sports/baseball/roster,sidearm,True,True,vendor_verified_html: sidearm footer link
S140,227526,Prairie View A & M University,Prairie View,TX,Public,NCAA D1,Southwestern Athletic Conference,https://pvpanthers.com/sports/baseball/roster,sidearm,True,True,vendor_verified_html: sidearm footer link
S141,218539,Presbyterian College,Clinton,SC,Private,NCAA D1,Big South Conference,https://gobluehose.com/sports/baseball/roster,sidearm,True,True,vendor_verified_html: sidearm link
S142,186131,Princeton University,Princeton,NJ,Private,NCAA D1,Ivy League,https://goprincetontigers.com/sports/baseball/roster,sidearm,True,True,vendor_verified_html: sidearm footer link
S143,243780,Purdue University,West Lafayette,IN,Public,NCAA D1,Big Ten Conference,https://purduesports.com/sports/baseball/roster,unknown,False,True,vendor_verified_html: no known vendor marker
S144,151102,Purdue University – Fort Wayne,Fort Wayne,IN,Public,NCAA D1,Horizon League,https://gomastodons.com/sports/baseball/roster/2025,sidearm,True,True,vendor_verified_html: sidearm footer link
S145,199412,Queens University of Charlotte,Charlotte,NC,Private,NCAA D1,Atlantic Sun Conference,https://queensathletics.com/sports/baseball/roster,sidearm,True,True,vendor_verified_html: sidearm footer link
S146,130226,Quinnipiac University,Hamden,CT,Private,NCAA D1,Metro Atlantic Athletic Conference,https://gobobcats.com/sports/baseball/roster,sidearm,True,True,vendor_verified_html: sidearm footer link
S147,233277,Radford University,Radford,VA,Public,NCAA D1,Big South Conference,https://radfordathletics.com/sports/baseball/roster,sidearm,True,True,vendor_verified_html: sidearm footer link
S148,227757,Rice University,Houston,TX,Private,NCAA D1,American Athletic Conference,https://riceowls.com/sports/baseball/roster,sidearm,True,True,vendor_verified_html: sidearm footer link
S149,186283,Rider University,Lawrenceville,NJ,Private,NCAA D1,Metro Atlantic Athletic Conference,https://gobroncs.com/sports/baseball/roster,sidearm,True,True,vendor_verified_html: sidearm footer link
S150,186380,Rutgers University,Piscataway,NJ,Public,NCAA D1,Big Ten Conference,https://scarletknights.com/sports/baseball/roster,sidearm,True,True,vendor_verified_html: sidearm footer link
S151,130253,Sacred Heart University,Fairfield,CT,Private,NCAA D1,Metro Atlantic Athletic Conference,https://sacredheartpioneers.com/sports/baseball/roster,sidearm,True,True,vendor_verified_html: sidearm footer link
S152,215062,Saint Joseph's University,Philadelphia,PA,Private,NCAA D1,Atlantic 10 Conference,https://sjuhawks.com/sports/baseball/roster,sidearm,True,True,vendor_verified_html: sidearm footer link
S153,179159,Saint Louis University,St. Louis,MO,Private,NCAA D1,Atlantic 10 Conference,https://slubillikens.com/sports/baseball/roster,sidearm,True,True,vendor_verified_html: sidearm footer link
S154,123554,Saint Mary's College of California,Moraga,CA,Private,NCAA D1,West Coast Conference,https://smcgaels.com/sports/baseball/roster,sidearm,True,True,vendor_verified_html: sidearm footer link
S155,186432,Saint Peter's University,Jersey City,NJ,Private,NCAA D1,Metro Atlantic Athletic Conference,https://saintpeterspeacocks.com/sports/baseball/roster,sidearm,True,True,vendor_verified_html: sidearm footer link
S156,227881,Sam Houston State University,Huntsville,TX,Public,NCAA D1,Conference USA,https://gobearkats.com/sports/baseball/roster,sidearm,True,True,vendor_verified_html: sidearm footer link
S157,102049,Samford University,Birmingham,AL,Private,NCAA D1,Southern Conference,https://samfordsports.com/sports/baseball/roster,sidearm,True,True,vendor_verified_html: sidearm footer link
S158,122409,San Diego State University,San Diego,CA,Public,NCAA D1,Mountain West Conference,https://goaztecs.com/sports/baseball/roster,unknown,False,True,vendor_verified_html: no known vendor marker
S159,122755,San Jose State University,San Jose,CA,Public,NCAA D1,Mountain West Conference,https://sjsuspartans.com/sports/baseball/roster,unknown,False,True,vendor_verified_html: no known vendor marker
S160,122931,Santa Clara University,Santa Clara,CA,Private,NCAA D1,West Coast Conference,https://santaclarabroncos.com/sports/baseball/roster,sidearm,True,True,vendor_verified_html: sidearm footer link
S161,236595,Seattle University,Seattle,WA,Private,NCAA D1,Western Athletic Conference,https://goseattleu.com/sports/baseball/roster,unknown,False,True,vendor_verified_html: no known vendor marker
S162,186584,Seton Hall University,South Orange,NJ,Private,NCAA D1,Big East Conference,https://shupirates.com/sports/baseball/roster,sidearm,True,True,vendor_verified_html: sidearm footer link
S163,195474,Siena College,Loudonville,NY,Private,NCAA D1,Metro Atlantic Athletic Conference,https://sienasaints.com/sports/baseball/roster,sidearm,True,True,vendor_verified_html: sidearm footer link
S164,219356,South Dakota State University,Brookings,SD,Public,NCAA D1,The Summit League,https://gojacks.com/sports/baseball/roster,sidearm,True,True,vendor_verified_html: sidearm link
S165,179557,Southeast Missouri State University,Cape Girardeau,MO,Public,NCAA D1,Ohio Valley Conference,https://letsgopeay.com/sports/baseball/roster,sidearm,True,True,vendor_verified_html: sidearm footer link
S166,160612,Southeastern Louisiana University,Hammond,LA,Public,NCAA D1,Southland Conference,https://lionsports.net/sports/baseball/roster,sidearm,True,True,vendor_verified_html: sidearm footer link
S167,149222,Southern Illinois University Carbondale,Carbondale,IL,Public,NCAA D1,Missouri Valley Conference,https://siusalukis.com/sports/baseball/roster,sidearm,True,True,vendor_verified_html: sidearm footer link
S168,149231,Southern Illinois University Edwardsville,Edwardsville,IL,Public,NCAA D1,Ohio Valley Conference,https://siuecougars.com/sports/baseball/roster,sidearm,True,True,vendor_verified_html: sidearm footer link
S169,160621,Southern University & A&M College,Baton Rouge,LA,Public,NCAA D1,Southwestern Athletic Conference,https://gojagsports.com/sports/baseball/roster,sidearm,True,True,vendor_verified_html: sidearm footer link
S170,195164,St. Bonaventure University,Saint Bonaventure,NY,Private,NCAA D1,Atlantic 10 Conference,https://gobonnies.com/sports/baseball/roster,sidearm,True,True,vendor_verified_html: sidearm footer link
S171,195809,St. John's University – New York,Queens,NY,Private,NCAA D1,Big East Conference,https://redstormsports.com/sports/baseball/roster,sidearm,True,True,vendor_verified_html: sidearm footer link
S172,243744,Stanford University,Stanford,CA,Private,NCAA D1,Atlantic Coast Conference,https://gostanford.com/sports/baseball/roster,unknown,False,True,vendor_verified_html: no known vendor marker
S173,228431,Stephen F Austin State University,Nacogdoches,TX,Public,NCAA D1,Southland Conference,https://sfajacks.com/sports/baseball/roster,sidearm,True,True,vendor_verified_html: sidearm footer link
S174,137546,Stetson University,Deland,FL,Private,NCAA D1,Atlantic Sun Conference,https://gohatters.com/sports/baseball/roster,sidearm,True,True,vendor_verified_html: sidearm footer link
S175,167996,Stonehill College,Easton,MA,Private,NCAA D1,Northeast Conference,https://stonehillskyhawks.com/sports/baseball/roster,sidearm,True,True,vendor_verified_html: sidearm footer link
S176,196079,SUNY Binghamton University,Vestal,NY,Public,NCAA D1,America East Conference,https://binghamtonbearcats.com/sports/baseball/roster,sidearm,True,True,vendor_verified_html: sidearm footer link
S177,196097,SUNY Stony Brook University,Stony Brook,NY,Public,NCAA D1,Colonial Athletic Association,https://stonybrookathletics.com/sports/baseball/roster,sidearm,True,True,vendor_verified_html: sidearm footer link
S178,196060,SUNY University at Albany,Albany,NY,Public,NCAA D1,America East Conference,https://ualbanysports.com/sports/baseball/roster,sidearm,True,True,vendor_verified_html: sidearm footer link
S179,228529,Tarleton State University,Stephenville,TX,Public,NCAA D1,Western Athletic Conference,https://tarletonsports.com/sports/baseball/roster,sidearm,True,True,vendor_verified_html: sidearm footer link
S180,221847,Tennessee Technological University,Cookeville,TN,Public,NCAA D1,Ohio Valley Conference,https://www.ttusports.com/sports/bsb/2025-26/roster,presto,False,True,vendor_verified_html: presto link
S181,228723,Texas A&M University,College Station,TX,Public,NCAA D1,Southeastern Conference,https://12thman.com/sports/baseball/roster,sidearm,True,True,vendor_verified_html: sidearm footer link
S182,224147,Texas A&M University – Corpus Christi,Corpus Christi,TX,Public,NCAA D1,Southland Conference,https://goislanders.com/sports/baseball/roster,sidearm,True,True,vendor_verified_html: sidearm footer link
S183,228875,Texas Christian University,Fort Worth,TX,Private,NCAA D1,Big 12 Conference,https://gofrogs.com/sports/baseball/roster,sidearm,True,True,vendor_verified_html: sidearm footer link
S184,229063,Texas Southern University,Houston,TX,Public,NCAA D1,Southwestern Athletic Conference,https://tsusports.com/sports/baseball/roster,sidearm,True,True,vendor_verified_html: sidearm footer link
S185,228459,Texas State University,San Marcos,TX,Public,NCAA D1,Sun Belt Conference,https://txst.com/sports/baseball/roster,sidearm,True,True,vendor_verified_html: sidearm footer link
S186,229115,Texas Tech University,Lubbock,TX,Public,NCAA D1,Big 12 Conference,https://texastech.com/sports/baseball/roster,sidearm,True,True,vendor_verified_html: sidearm footer link
S187,217864,The Citadel,Charleston,SC,Public,NCAA D1,Southern Conference,https://citadelsports.com/sports/baseball/roster,sidearm,True,True,vendor_verified_html: sidearm footer link
S188,164076,Towson University,Towson,MD,Public,NCAA D1,Colonial Athletic Association,https://towsontigers.com/sports/baseball/roster,sidearm,True,True,vendor_verified_html: sidearm footer link
S189,102368,Troy University,Troy,AL,Public,NCAA D1,Sun Belt Conference,https://troytrojans.com/sports/baseball/roster,sidearm,True,True,vendor_verified_html: sidearm footer link
S190,160755,Tulane University,New Orleans,LA,Private,NCAA D1,American Athletic Conference,https://tulanegreenwave.com/sports/baseball/roster,sidearm,True,True,vendor_verified_html: sidearm footer link
S191,128328,United States Air Force Academy,Usaf Academy,CO,Public,NCAA D1,Mountain West Conference,https://goairforcefalcons.com/sports/baseball/roster,sidearm,True,True,vendor_verified_html: sidearm footer link
S192,197036,United States Military Academy,West Point,NY,Public,NCAA D1,Patriot League,https://goarmywestpoint.com/sports/baseball/roster,unknown,False,True,vendor_verified_html: no known vendor marker
S193,164155,United States Naval Academy,Annapolis,MD,Public,NCAA D1,Patriot League,https://navysports.com/sports/baseball/roster,sidearm,True,True,vendor_verified_html: sidearm footer link
S194,200800,University of Akron,Akron,OH,Public,NCAA D1,Mid-American Conference,https://gozips.com/sports/baseball/roster,sidearm,True,True,vendor_verified_html: sidearm footer link
S195,100751,University of Alabama,Tuscaloosa,AL,Public,NCAA D1,Southeastern Conference,https://rolltide.com/sports/baseball/roster,sidearm,True,True,vendor_verified_html: sidearm footer link
S196,101569,University of Alabama – Birmingham,Birmingham,AL,Public,NCAA D1,American Athletic Conference,https://uabsports.com/sports/baseball/roster,sidearm,True,True,vendor_verified_html: sidearm footer link
S197,104179,University of Arizona,Tucson,AZ,Public,NCAA D1,Big 12 Conference,https://arizonawildcats.com/sports/baseball/roster,sidearm,True,True,vendor_verified_html: sidearm footer link
S198,106397,University of Arkansas,Fayetteville,AR,Public,NCAA D1,Southeastern Conference,https://arkansasrazorbacks.com/sport/m-basebl/roster/,unknown,False,True,vendor_verified_html: no known vendor marker
S199,106245,University of Arkansas at Little Rock,Little Rock,AR,Public,NCAA D1,Ohio Valley Conference,https://lrtrojans.com/sports/baseball/roster,sidearm,True,True,vendor_verified_html: sidearm footer link
S200,106412,University of Arkansas at Pine Bluff,Pine Bluff,AR,Public,NCAA D1,Southwestern Athletic Conference,https://uapblionsroar.com/sports/baseball/roster,sidearm,True,True,vendor_verified_html: sidearm footer link
S201,110635,University of California – Berkeley,Berkeley,CA,Public,NCAA D1,Atlantic Coast Conference,https://calbears.com/sports/baseball/roster,sidearm,True,True,vendor_verified_html: sidearm footer link
S202,110644,University of California – Davis,Davis,CA,Public,NCAA D1,Big West Conference,https://ucdavisaggies.com/sports/baseball/roster,sidearm,True,True,vendor_verified_html: sidearm footer link
S203,112525,University of California – Irvine,Irvine,CA,Public,NCAA D1,Big West Conference,https://ucirvinesports.com/sports/baseball/roster,sidearm,True,True,vendor_verified_html: sidearm footer link
S204,110592,University of California – Los Angeles – UCLA,Los Angeles,CA,Public,NCAA D1,Big Ten Conference,https://uclabruins.com/sports/baseball/roster,sidearm,True,True,vendor_verified_html: sidearm footer link
S205,110671,University of California – Riverside,Riverside,CA,Public,NCAA D1,Big West Conference,https://gohighlanders.com/sports/baseball/roster,sidearm,True,True,vendor_verified_html: sidearm footer link
S206,110680,University of California – San Diego,La Jolla,CA,Public,NCAA D1,Big West Conference,https://ucsdtritons.com/sports/baseball/roster,sidearm,True,True,vendor_verified_html: sidearm footer link
S207,110705,University of California – Santa Barbara,Santa Barbara,CA,Public,NCAA D1,Big West Conference,https://ucsbgauchos.com/sports/baseball/roster,sidearm,True,True,vendor_verified_html: sidearm footer link
S208,106704,University of Central Arkansas,Conway,AR,Public,NCAA D1,Atlantic Sun Conference,https://ucasports.com/sports/baseball/roster,sidearm,True,True,vendor_verified_html: sidearm footer link
S209,132903,University of Central Florida,Orlando,FL,Public,NCAA D1,Big 12 Conference,https://ucfknights.com/sports/baseball/roster,unknown,False,True,vendor_verified_html: no known vendor marker
S210,201885,University of Cincinnati,Cincinnati,OH,Public,NCAA D1,Big 12 Conference,https://gobearcats.com/sports/baseball/roster,unknown,False,True,vendor_verified_html: no known vendor marker
S211,129020,University of Connecticut,Storrs,CT,Public,NCAA D1,Big East Conference,https://uconnhuskies.com/sports/baseball/roster,sidearm,True,True,vendor_verified_html: sidearm footer link
S212,202480,University of Dayton,Dayton,OH,Private,NCAA D1,Atlantic 10 Conference,https://daytonflyers.com/sports/baseball/roster,sidearm,True,True,vendor_verified_html: sidearm footer link
S213,130943,University of Delaware,Newark,DE,Public,NCAA D1,Colonial Athletic Association,https://bluehens.com/sports/baseball/roster,sidearm,True,True,vendor_verified_html: sidearm footer link
S214,150534,University of Evansville,Evansville,IN,Private,NCAA D1,Missouri Valley Conference,https://gopurpleaces.com/sports/baseball/roster,sidearm,True,True,vendor_verified_html: sidearm footer link
S215,134130,University of Florida,Gainesville,FL,Public,NCAA D1,Southeastern Conference,https://floridagators.com/sports/baseball/roster,sidearm,True,True,vendor_verified_html: sidearm footer link
S216,139959,University of Georgia,Athens,GA,Public,NCAA D1,Southeastern Conference,https://georgiadogs.com/sports/baseball/roster,sidearm,True,True,vendor_verified_html: sidearm footer link
S217,141574,University of Hawaii at Manoa,Honolulu,HI,Public,NCAA D1,Big West Conference,https://hawaiiathletics.com/sports/baseball/roster,sidearm,True,True,vendor_verified_html: sidearm footer link
S218,225511,University of Houston,Houston,TX,Public,NCAA D1,Big 12 Conference,https://uhcougars.com/sports/baseball/roster,sidearm,True,True,vendor_verified_html: sidearm footer link
S219,145637,University of Illinois,Urbana,IL,Public,NCAA D1,Big Ten Conference,https://fightingillini.com/sports/baseball/roster,sidearm,True,True,vendor_verified_html: sidearm footer link
S220,144157,University of Illinois at Chicago,Chicago,IL,Public,NCAA D1,Missouri Valley Conference,https://uicflames.com/sports/baseball/roster,sidearm,True,True,vendor_verified_html: sidearm footer link
S221,153658,University of Iowa,Iowa City,IA,Public,NCAA D1,Big Ten Conference,https://hawkeyesports.com/sports/baseball/roster,unknown,False,True,vendor_verified_html: no known vendor marker
S222,155317,University of Kansas,Lawrence,KS,Public,NCAA D1,Big 12 Conference,https://kuathletics.com/sports/baseball/roster,sidearm,True,True,vendor_verified_html: sidearm footer link
S223,157085,University of Kentucky,Lexington,KY,Public,NCAA D1,Southeastern Conference,https://ukathletics.com/sports/baseball/roster,unknown,False,True,vendor_verified_html: no known vendor marker
S224,160658,University of Louisiana,Lafayette,LA,Public,NCAA D1,Sun Belt Conference,https://ragincajuns.com/sports/baseball/roster,sidearm,True,True,vendor_verified_html: sidearm footer link
S225,159993,University of Louisiana – Monroe,Monroe,LA,Public,NCAA D1,Sun Belt Conference,https://ulmwarhawks.com/sports/baseball/roster,sidearm,True,True,vendor_verified_html: sidearm footer link
S226,157289,University of Louisville,Louisville,KY,Public,NCAA D1,Atlantic Coast Conference,https://gocards.com/sports/baseball/roster,sidearm,True,True,vendor_verified_html: sidearm footer link
S227,161253,University of Maine,Orono,ME,Public,NCAA D1,America East Conference,https://goblackbears.com/sports/baseball/roster,sidearm,True,True,vendor_verified_html: sidearm footer link
S228,163286,University of Maryland,College Park,MD,Public,NCAA D1,Big Ten Conference,https://umterps.com/sports/baseball/roster,sidearm,True,True,vendor_verified_html: sidearm footer link
S229,163268,University of Maryland – Baltimore County,Baltimore,MD,Public,NCAA D1,America East Conference,https://umbcretrievers.com/sports/baseball/roster,sidearm,True,True,vendor_verified_html: sidearm footer link
S230,163338,University of Maryland Eastern Shore,Princess Anne,MD,Public,NCAA D1,Northeast Conference,https://umeshawksports.com/sports/baseball/roster,sidearm,True,True,vendor_verified_html: sidearm footer link
S231,166629,University of Massachusetts – Amherst,Amherst,MA,Public,NCAA D1,Atlantic 10 Conference,https://umassathletics.com/sports/baseball/roster,sidearm,True,True,vendor_verified_html: sidearm footer link
S232,166513,University of Massachusetts – Lowell,Lowell,MA,Public,NCAA D1,America East Conference,https://goriverhawks.com/sports/baseball/roster,sidearm,True,True,vendor_verified_html: sidearm footer link
S233,220862,University of Memphis,Memphis,TN,Public,NCAA D1,American Athletic Conference,https://gotigersgo.com/sports/baseball/roster,sidearm,True,True,vendor_verified_html: sidearm footer link
S234,135726,University of Miami,Coral Gables,FL,Private,NCAA D1,Atlantic Coast Conference,https://hurricanesports.com/sports/baseball/roster,unknown,False,True,vendor_verified_html: no known vendor marker
S235,170976,University of Michigan,Ann Arbor,MI,Public,NCAA D1,Big Ten Conference,https://mgoblue.com/sports/baseball/roster,sidearm,True,True,vendor_verified_html: sidearm footer link
S236,174066,University of Minnesota,Minneapolis,MN,Public,NCAA D1,Big Ten Conference,https://gophersports.com/sports/baseball/roster,sidearm,True,True,vendor_verified_html: sidearm footer link
S237,176017,University of Mississippi,University,MS,Public,NCAA D1,Southeastern Conference,https://olemisssports.com/sports/baseball/roster,sidearm,True,True,vendor_verified_html: sidearm footer link
S238,177065,University of Missouri,Columbia,MO,Public,NCAA D1,Southeastern Conference,https://mutigers.com/sports/baseball/roster,sidearm,True,True,vendor_verified_html: sidearm footer link
S239,181640,University of Nebraska,Lincoln,NE,Public,NCAA D1,Big Ten Conference,https://huskers.com/sports/baseball/roster,unknown,False,True,vendor_verified_html: no known vendor marker
S240,181394,University of Nebraska at Omaha,Omaha,NE,Public,NCAA D1,The Summit League,https://omavs.com/sports/baseball/roster,sidearm,True,True,vendor_verified_html: sidearm footer link
S241,182281,University of Nevada – Las Vegas,Las Vegas,NV,Public,NCAA D1,Mountain West Conference,https://unlvrebels.com/sports/baseball/roster,sidearm,True,True,vendor_verified_html: sidearm footer link
S242,182290,University of Nevada – Reno,Reno,NV,Public,NCAA D1,Mountain West Conference,https://nevadawolfpack.com/sports/baseball/roster,sidearm,True,True,vendor_verified_html: sidearm link
S243,129941,University of New Haven,West Haven,CT,Private,NCAA D1,Northeast Conference,https://newhavenchargers.com/sports/baseball/roster,sidearm,True,True,vendor_verified_html: sidearm footer link
S245,159939,University of New Orleans,New Orleans,LA,Public,NCAA D1,Southland Conference,https://unoprivateers.com/sports/baseball/roster,sidearm,True,True,vendor_verified_html: sidearm footer link
S246,101879,University of North Alabama,Florence,AL,Public,NCAA D1,Atlantic Sun Conference,https://roarlions.com/sports/baseball/roster,sidearm,True,True,vendor_verified_html: sidearm footer link
S247,199148,University of North Carolina – Greensboro,Greensboro,NC,Public,NCAA D1,Southern Conference,https://uncgspartans.com/sports/baseball/roster,sidearm,True,True,vendor_verified_html: sidearm footer link
S248,199218,University of North Carolina – Wilmington,Wilmington,NC,Public,NCAA D1,Colonial Athletic Association,https://uncwsports.com/sports/baseball/roster,sidearm,True,True,vendor_verified_html: sidearm footer link
S249,199111,University of North Carolina Asheville,Asheville,NC,Public,NCAA D1,Big South Conference,https://uncabulldogs.com/sports/baseball/roster,sidearm,True,True,vendor_verified_html: sidearm footer link
S250,199120,University of North Carolina at Chapel Hill,Chapel Hill,NC,Public,NCAA D1,Atlantic Coast Conference,https://goheels.com/sports/baseball/roster,unknown,False,True,vendor_verified_html: no known vendor marker
S251,199139,University of North Carolina at Charlotte,Charlotte,NC,Public,NCAA D1,American Athletic Conference,https://charlotte49ers.com/sports/baseball/roster,sidearm,True,True,vendor_verified_html: sidearm footer link
S252,136172,University of North Florida,Jacksonville,FL,Public,NCAA D1,Atlantic Sun Conference,https://unfospreys.com/sports/baseball/roster,sidearm,True,True,vendor_verified_html: sidearm footer link
S253,127741,University of Northern Colorado,Greeley,CO,Public,NCAA D1,The Summit League,https://uncbears.com/sports/baseball/roster,sidearm,True,True,vendor_verified_html: sidearm footer link
S254,152080,University of Notre Dame,Notre Dame,IN,Private,NCAA D1,Atlantic Coast Conference,https://und.com/sports/baseball/roster,unknown,False,True,vendor_verified_html: no known vendor marker
S255,207500,University of Oklahoma,Norman,OK,Public,NCAA D1,Southeastern Conference,https://soonersports.com/sports/baseball/roster,sidearm,True,True,vendor_verified_html: sidearm link
S256,209551,University of Oregon,Eugene,OR,Public,NCAA D1,Big Ten Conference,https://goducks.com/sports/baseball/roster,sidearm,True,True,vendor_verified_html: sidearm footer link
S257,215770,University of Pennsylvania – Penn,Philadelphia,PA,Private,NCAA D1,Ivy League,https://pennathletics.com/sports/baseball/roster,sidearm,True,True,vendor_verified_html: sidearm footer link
S258,215293,University of Pittsburgh,Pittsburgh,PA,Public,NCAA D1,Atlantic Coast Conference,https://pittsburghpanthers.com/sports/baseball/roster,sidearm,True,True,vendor_verified_html: sidearm footer link
S259,209825,University of Portland,Portland,OR,Private,NCAA D1,West Coast Conference,https://portlandpilots.com/sports/baseball/roster,sidearm,True,True,vendor_verified_html: sidearm footer link
S260,217484,University of Rhode Island,Kingston,RI,Public,NCAA D1,Atlantic 10 Conference,https://gorhody.com/sports/baseball/roster,sidearm,True,True,vendor_verified_html: sidearm footer link
S261,233374,University of Richmond,University Of Richmond,VA,Private,NCAA D1,Atlantic 10 Conference,https://richmondspiders.com/sports/baseball/roster,sidearm,True,True,vendor_verified_html: sidearm footer link
S262,122436,University of San Diego,San Diego,CA,Private,NCAA D1,West Coast Conference,https://usdtoreros.com/sports/baseball/roster,sidearm,True,True,vendor_verified_html: sidearm footer link
S263,122612,University of San Francisco,San Francisco,CA,Private,NCAA D1,West Coast Conference,https://usfdons.com/sports/baseball/roster,sidearm,True,True,vendor_verified_html: sidearm link
S264,102094,University of South Alabama,Mobile,AL,Public,NCAA D1,Sun Belt Conference,https://usajaguars.com/sports/baseball/roster,sidearm,True,True,vendor_verified_html: sidearm footer link
S265,218663,University of South Carolina,Columbia,SC,Public,NCAA D1,Southeastern Conference,https://gamecocksonline.com/sports/baseball/roster,unknown,False,True,vendor_verified_html: no known vendor marker
S266,218742,University of South Carolina – Upstate,Spartanburg,SC,Public,NCAA D1,Big South Conference,https://upstatespartans.com/sports/baseball/roster,sidearm,True,True,vendor_verified_html: sidearm footer link
S267,137351,University of South Florida,Tampa,FL,Public,NCAA D1,American Athletic Conference,https://gousfbulls.com/sports/baseball/roster,sidearm,True,True,vendor_verified_html: sidearm footer link
S268,123961,University of Southern California,Los Angeles,CA,Private,NCAA D1,Big Ten Conference,https://usctrojans.com/sports/baseball/roster,sidearm,True,True,vendor_verified_html: sidearm footer link
S269,151306,University of Southern Indiana,Evansville,IN,Public,NCAA D1,Ohio Valley Conference,https://usiscreamingeagles.com/sports/baseball/roster,sidearm,True,True,vendor_verified_html: sidearm footer link
S270,176372,University of Southern Mississippi,Hattiesburg,MS,Public,NCAA D1,Sun Belt Conference,https://southernmiss.com/sports/baseball/roster,sidearm,True,True,vendor_verified_html: sidearm footer link
S271,173328,University of St. Thomas – Minnesota,Saint Paul,MN,Private,NCAA D1,The Summit League,https://tommiesports.com/sports/baseball/roster,sidearm,True,True,vendor_verified_html: sidearm footer link
S272,221759,University of Tennessee,Knoxville,TN,Public,NCAA D1,Southeastern Conference,https://utsports.com/sports/baseball/roster,sidearm,True,True,vendor_verified_html: sidearm footer link
S273,221768,University of Tennessee – Martin,Martin,TN,Public,NCAA D1,Ohio Valley Conference,https://utmsports.com/sports/baseball/roster,sidearm,True,True,vendor_verified_html: sidearm link
S274,228769,University of Texas – Arlington,Arlington,TX,Public,NCAA D1,Western Athletic Conference,https://utamavs.com/sports/baseball/roster,sidearm,True,True,vendor_verified_html: sidearm footer link
S275,224004,University of Texas – Austin,Austin,TX,Public,NCAA D1,Southeastern Conference,https://texassports.com/sports/baseball/roster,sidearm,True,True,vendor_verified_html: sidearm footer link
S276,227368,University of Texas – Rio Grande Valley,Edinburg,TX,Public,NCAA D1,Western Athletic Conference,https://goutrgv.com/sports/baseball,sidearm,True,True,vendor_verified_html: sidearm footer link
S277,229027,University of Texas – San Antonio,San Antonio,TX,Public,NCAA D1,American Athletic Conference,https://goutsa.com/sports/baseball/roster,unknown,False,True,vendor_verified_html: no known vendor marker
S278,225627,University of the Incarnate Word,San Antonio,TX,Private,NCAA D1,Southland Conference,https://uiwcardinals.com/sports/baseball/roster,sidearm,True,True,vendor_verified_html: sidearm footer link
S279,120883,University of the Pacific,Stockton,CA,Private,NCAA D1,West Coast Conference,https://pacifictigers.com/sports/baseball/roster,sidearm,True,True,vendor_verified_html: sidearm footer link
S280,206084,University of Toledo,Toledo,OH,Public,NCAA D1,Mid-American Conference,https://utrockets.com/sports/baseball/roster,sidearm,True,True,vendor_verified_html: sidearm footer link
S281,230764,University of Utah,Salt Lake City,UT,Public,NCAA D1,Big 12 Conference,https://utahutes.com/sports/baseball/roster,sidearm,True,True,vendor_verified_html: sidearm footer link
S282,234076,University of Virginia,Charlottesville,VA,Public,NCAA D1,Atlantic Coast Conference,https://virginiasports.com/sports/baseball/roster,unknown,False,True,vendor_verified_html: no known vendor marker
S283,236948,University of Washington,Seattle,WA,Public,NCAA D1,Big Ten Conference,https://gohuskies.com/sports/baseball/roster,sidearm,True,True,vendor_verified_html: sidearm footer link
S284,141334,University of West Georgia,Carrollton,GA,Public,NCAA D1,Atlantic Sun Conference,https://uwgathletics.com/sports/baseball/roster,sidearm,True,True,vendor_verified_html: sidearm footer link
S285,451750,University of Wisconsin – Milwaukee,Milwaukee,WI,Public,NCAA D1,Horizon League,https://mkepanthers.com/sports/baseball/roster,sidearm,True,True,vendor_verified_html: sidearm footer link
S286,230737,Utah Valley University,Orem,UT,Public,NCAA D1,Western Athletic Conference,https://gouvu.com/sports/baseball/roster,sidearm,True,True,vendor_verified_html: sidearm footer link
S287,152600,Valparaiso University,Valparaiso,IN,Private,NCAA D1,Missouri Valley Conference,https://valpoathletics.com/sports/baseball/roster,sidearm,True,True,vendor_verified_html: sidearm footer link
S288,221999,Vanderbilt University,Nashville,TN,Private,NCAA D1,Southeastern Conference,https://vucommodores.com/sports/baseball/roster,unknown,False,True,vendor_verified_html: no known vendor marker
S289,216597,Villanova University,Villanova,PA,Private,NCAA D1,Big East Conference,https://villanova.com/sports/baseball/roster,sidearm,True,True,vendor_verified_html: sidearm footer link
S290,234030,Virginia Commonwealth University,Richmond,VA,Public,NCAA D1,Atlantic 10 Conference,https://vcuathletics.com/sports/baseball/roster,sidearm,True,True,vendor_verified_html: sidearm footer link
S291,234207,Virginia Military Institute – VMI,Lexington,VA,Public,NCAA D1,Southern Conference,https://vmikeydets.com/sports/baseball/roster,sidearm,True,True,vendor_verified_html: sidearm footer link
S292,233921,Virginia Tech,Blacksburg,VA,Public,NCAA D1,Atlantic Coast Conference,https://hokiesports.com/sports/baseball/roster,unknown,False,True,vendor_verified_html: no known vendor marker
S293,197197,Wagner College,Staten Island,NY,Private,NCAA D1,Northeast Conference,https://wagnerathletics.com/sports/baseball/roster,sidearm,True,True,vendor_verified_html: sidearm footer link
S294,199847,Wake Forest University,Winston Salem,NC,Private,NCAA D1,Atlantic Coast Conference,https://godeacs.com/sports/baseball/roster,sidearm,True,True,vendor_verified_html: sidearm footer link
S295,236939,Washington State University,Pullman,WA,Public,NCAA D1,Mountain West Conference,https://wsucougars.com/sports/baseball/roster,sidearm,True,True,vendor_verified_html: sidearm footer link
S296,238032,West Virginia University,Morgantown,WV,Public,NCAA D1,Big 12 Conference,https://wvusports.com/sports/baseball/roster,sidearm,True,True,vendor_verified_html: sidearm footer link
S297,200004,Western Carolina University,Cullowhee,NC,Public,NCAA D1,Southern Conference,https://catamountsports.com/sports/baseball/roster,sidearm,True,True,vendor_verified_html: sidearm footer link
S298,149772,Western Illinois University,Macomb,IL,Public,NCAA D1,Ohio Valley Conference,https://goleathernecks.com/sports/baseball/roster,sidearm,True,True,vendor_verified_html: sidearm footer link
S299,157951,Western Kentucky University,Bowling Green,KY,Public,NCAA D1,Conference USA,https://wkusports.com/sports/baseball/roster,sidearm,True,True,vendor_verified_html: sidearm footer link
S300,172699,Western Michigan University,Kalamazoo,MI,Public,NCAA D1,Mid-American Conference,https://wmubroncos.com/sports/baseball/roster,sidearm,True,True,vendor_verified_html: sidearm footer link
S301,156125,Wichita State University,Wichita,KS,Public,NCAA D1,American Athletic Conference,https://goshockers.com/sports/baseball/roster,sidearm,True,True,vendor_verified_html: sidearm footer link
S302,231624,William & Mary,Williamsburg,VA,Public,NCAA D1,Colonial Athletic Association,https://tribeathletics.com/sports/baseball/roster,sidearm,True,True,vendor_verified_html: sidearm footer link
S303,218964,Winthrop University,Rock Hill,SC,Public,NCAA D1,Big South Conference,https://winthropeagles.com/sports/baseball/roster,sidearm,True,True,vendor_verified_html: sidearm footer link
S304,218973,Wofford College,Spartanburg,SC,Private,NCAA D1,Southern Conference,https://woffordterriers.com/sports/baseball/roster,sidearm,True,True,vendor_verified_html: sidearm footer link
S305,206604,Wright State University,Dayton,OH,Public,NCAA D1,Horizon League,https://wsuraiders.com/sports/baseball/roster,sidearm,True,True,vendor_verified_html: sidearm footer link
S306,206622,Xavier University,Cincinnati,OH,Private,NCAA D1,Big East Conference,https://goxavier.com/sports/baseball/roster,sidearm,True,True,vendor_verified_html: sidearm footer link
S307,130794,Yale University,New Haven,CT,Private,NCAA D1,Ivy League,https://yalebulldogs.com/sports/baseball/roster,sidearm,True,True,vendor_verified_html: sidearm footer link
S308,206695,Youngstown State University,Youngstown,OH,Public,NCAA D1,Horizon League,https://ysusports.com/sports/baseball/roster,sidearm,True,True,vendor_verified_html: sidearm footer link
S633,224226,Dallas Baptist University,Dallas,TX,Private,NCAA D1,Conference USA,https://dbupatriots.com/sports/baseball/roster/2026,unknown,False,True,vendor_verification_failed: ssl_certificate_verify_failed
